Mon Jan 13 22:01:37 UTC 2025 UTC - New installs detected. Updating data.
Tue Jan 14 00:46:51 UTC 2025 UTC - No new installs detected.
Tue Jan 14 00:47:45 UTC 2025 UTC - No new installs detected.
Tue Jan 14 22:01:38 UTC 2025 UTC - No new installs detected.
Wed Jan 15 22:01:33 UTC 2025 UTC - New installs detected. Updating data.
Thu Jan 16 02:54:00 UTC 2025 UTC - No new installs detected.
Thu Jan 16 22:01:41 UTC 2025 UTC - New installs detected. Updating data.
Fri Jan 17 22:01:38 UTC 2025 UTC - New installs detected. Updating data.
Sat Jan 18 22:01:40 UTC 2025 UTC - New installs detected. Updating data.
Sun Jan 19 22:01:39 UTC 2025 UTC - New installs detected. Updating data.
Mon Jan 20 22:01:31 UTC 2025 UTC - New installs detected. Updating data.
Tue Jan 21 22:01:43 UTC 2025 UTC - New installs detected. Updating data.
Wed Jan 22 22:01:39 UTC 2025 UTC - No new installs detected.
Thu Jan 23 22:01:40 UTC 2025 UTC - New installs detected. Updating data.
Fri Jan 24 22:01:44 UTC 2025 UTC - New installs detected. Updating data.
Sat Jan 25 22:01:41 UTC 2025 UTC - New installs detected. Updating data.
Sun Jan 26 22:01:31 UTC 2025 UTC - New installs detected. Updating data.
Mon Jan 27 22:01:35 UTC 2025 UTC - New installs detected. Updating data.
Tue Jan 28 22:01:39 UTC 2025 UTC - New installs detected. Updating data.
Wed Jan 29 22:01:40 UTC 2025 UTC - New installs detected. Updating data.
Thu Jan 30 22:01:37 UTC 2025 UTC - No new installs detected.
Fri Jan 31 22:01:35 UTC 2025 UTC - No new installs detected.
Sat Feb  1 22:01:29 UTC 2025 UTC - No new installs detected.
Sun Feb  2 22:01:34 UTC 2025 UTC - New installs detected. Updating data.
Mon Feb  3 22:01:32 UTC 2025 UTC - New installs detected. Updating data.
Tue Feb  4 22:01:43 UTC 2025 UTC - New installs detected. Updating data.
Wed Feb  5 22:01:43 UTC 2025 UTC - New installs detected. Updating data.
Thu Feb  6 22:01:48 UTC 2025 UTC - New installs detected. Updating data.
Fri Feb  7 22:01:34 UTC 2025 UTC - New installs detected. Updating data.
Sat Feb  8 22:01:40 UTC 2025 UTC - No new installs detected.
Sun Feb  9 22:01:38 UTC 2025 UTC - New installs detected. Updating data.
Mon Feb 10 22:01:39 UTC 2025 UTC - No new installs detected.
Tue Feb 11 22:01:34 UTC 2025 UTC - New installs detected. Updating data.
Wed Feb 12 22:01:44 UTC 2025 UTC - New installs detected. Updating data.
Thu Feb 13 22:01:41 UTC 2025 UTC - New installs detected. Updating data.
Fri Feb 14 22:01:30 UTC 2025 UTC - New installs detected. Updating data.
Sat Feb 15 22:01:25 UTC 2025 UTC - New installs detected. Updating data.
Sun Feb 16 22:01:37 UTC 2025 UTC - No new installs detected.
Mon Feb 17 22:01:40 UTC 2025 UTC - New installs detected. Updating data.
Tue Feb 18 22:01:41 UTC 2025 UTC - New installs detected. Updating data.
Wed Feb 19 22:01:34 UTC 2025 UTC - New installs detected. Updating data.
Thu Feb 20 22:01:33 UTC 2025 UTC - New installs detected. Updating data.
Fri Feb 21 22:01:38 UTC 2025 UTC - New installs detected. Updating data.
Sat Feb 22 22:01:32 UTC 2025 UTC - New installs detected. Updating data.
Sun Feb 23 22:01:34 UTC 2025 UTC - New installs detected. Updating data.
Mon Feb 24 22:01:30 UTC 2025 UTC - New installs detected. Updating data.
Tue Feb 25 22:01:43 UTC 2025 UTC - New installs detected. Updating data.
Wed Feb 26 22:01:40 UTC 2025 UTC - New installs detected. Updating data.
Thu Feb 27 22:01:38 UTC 2025 UTC - New installs detected. Updating data.
Fri Feb 28 22:01:34 UTC 2025 UTC - New installs detected. Updating data.
Sat Mar  1 22:01:34 UTC 2025 UTC - New installs detected. Updating data.
Sun Mar  2 22:01:31 UTC 2025 UTC - New installs detected. Updating data.
Mon Mar  3 22:01:42 UTC 2025 UTC - New installs detected. Updating data.
Tue Mar  4 22:01:34 UTC 2025 UTC - New installs detected. Updating data.
Wed Mar  5 22:01:42 UTC 2025 UTC - New installs detected. Updating data.
Fri Mar  7 22:02:26 UTC 2025 UTC - New installs detected. Updating data.
Sun Mar  9 22:02:23 UTC 2025 UTC - New installs detected. Updating data.
Tue Mar 11 22:02:25 UTC 2025 UTC - New installs detected. Updating data.
Thu Mar 13 22:02:32 UTC 2025 UTC - New installs detected. Updating data.
Sat Mar 15 22:02:18 UTC 2025 UTC - New installs detected. Updating data.
Mon Mar 17 22:02:29 UTC 2025 UTC - New installs detected. Updating data.
Wed Mar 19 22:02:32 UTC 2025 UTC - New installs detected. Updating data.
Fri Mar 21 22:02:24 UTC 2025 UTC - New installs detected. Updating data.
Sun Mar 23 22:02:20 UTC 2025 UTC - New installs detected. Updating data.
Tue Mar 25 22:02:24 UTC 2025 UTC - New installs detected. Updating data.
Thu Mar 27 22:02:29 UTC 2025 UTC - New installs detected. Updating data.
Sat Mar 29 22:02:20 UTC 2025 UTC - New installs detected. Updating data.
Mon Mar 31 22:02:34 UTC 2025 UTC - New installs detected. Updating data.
Tue Apr  1 22:02:29 UTC 2025 UTC - New installs detected. Updating data.
Thu Apr  3 22:02:20 UTC 2025 UTC - New installs detected. Updating data.
Sat Apr  5 22:02:26 UTC 2025 UTC - New installs detected. Updating data.
Sun Apr  6 22:01:40 UTC 2025 UTC - New installs detected. Updating data.
Tue Apr  8 22:01:56 UTC 2025 UTC - New installs detected. Updating data.
Wed Apr  9 22:01:41 UTC 2025 UTC - New installs detected. Updating data.
Thu Apr 10 22:01:42 UTC 2025 UTC - New installs detected. Updating data.
Fri Apr 11 22:01:37 UTC 2025 UTC - New installs detected. Updating data.
Sat Apr 12 22:01:28 UTC 2025 UTC - New installs detected. Updating data.
Sun Apr 13 22:01:44 UTC 2025 UTC - New installs detected. Updating data.
Mon Apr 14 22:01:44 UTC 2025 UTC - New installs detected. Updating data.
Tue Apr 15 22:01:37 UTC 2025 UTC - New installs detected. Updating data.
Wed Apr 16 22:01:39 UTC 2025 UTC - New installs detected. Updating data.
Fri Apr 18 22:01:40 UTC 2025 UTC - New installs detected. Updating data.
Sun Apr 20 22:01:32 UTC 2025 UTC - New installs detected. Updating data.
Mon Apr 21 22:01:36 UTC 2025 UTC - New installs detected. Updating data.
Tue Apr 22 22:01:43 UTC 2025 UTC - New installs detected. Updating data.
Wed Apr 23 22:01:39 UTC 2025 UTC - New installs detected. Updating data.
Thu Apr 24 22:01:36 UTC 2025 UTC - New installs detected. Updating data.
Fri Apr 25 22:01:40 UTC 2025 UTC - New installs detected. Updating data.
Mon Apr 28 22:01:44 UTC 2025 UTC - New installs detected. Updating data.
Tue Apr 29 22:01:35 UTC 2025 UTC - New installs detected. Updating data.
Wed Apr 30 22:01:43 UTC 2025 UTC - New installs detected. Updating data.
Thu May  1 22:01:42 UTC 2025 UTC - New installs detected. Updating data.
Fri May  2 22:01:43 UTC 2025 UTC - New installs detected. Updating data.
Sat May  3 22:01:33 UTC 2025 UTC - New installs detected. Updating data.
Sun May  4 22:01:40 UTC 2025 UTC - New installs detected. Updating data.
Mon May  5 22:01:46 UTC 2025 UTC - New installs detected. Updating data.
Tue May  6 22:01:36 UTC 2025 UTC - New installs detected. Updating data.
Wed May  7 22:01:37 UTC 2025 UTC - New installs detected. Updating data.
Fri May  9 22:01:43 UTC 2025 UTC - New installs detected. Updating data.
Sat May 10 22:01:40 UTC 2025 UTC - New installs detected. Updating data.
Sun May 11 22:01:34 UTC 2025 UTC - New installs detected. Updating data.
Mon May 12 22:01:44 UTC 2025 UTC - New installs detected. Updating data.
Tue May 13 22:01:43 UTC 2025 UTC - New installs detected. Updating data.
Fri May 16 22:01:44 UTC 2025 UTC - New installs detected. Updating data.
Sat May 17 22:01:33 UTC 2025 UTC - New installs detected. Updating data.
Mon May 19 22:01:45 UTC 2025 UTC - New installs detected. Updating data.
Tue May 20 22:01:43 UTC 2025 UTC - New installs detected. Updating data.
Wed May 21 22:01:40 UTC 2025 UTC - New installs detected. Updating data.
Thu May 22 22:01:45 UTC 2025 UTC - New installs detected. Updating data.
Fri May 23 22:01:46 UTC 2025 UTC - New installs detected. Updating data.
Sat May 24 22:01:30 UTC 2025 UTC - New installs detected. Updating data.
Sun May 25 22:01:32 UTC 2025 UTC - New installs detected. Updating data.
Mon May 26 22:01:35 UTC 2025 UTC - New installs detected. Updating data.
Thu May 29 22:01:37 UTC 2025 UTC - New installs detected. Updating data.
Sat May 31 22:01:41 UTC 2025 UTC - New installs detected. Updating data.
Sun Jun  1 22:01:44 UTC 2025 UTC - New installs detected. Updating data.
Mon Jun  2 22:01:49 UTC 2025 UTC - New installs detected. Updating data.
Tue Jun  3 22:01:39 UTC 2025 UTC - New installs detected. Updating data.
Thu Jun  5 22:01:34 UTC 2025 UTC - New installs detected. Updating data.
Fri Jun  6 22:01:40 UTC 2025 UTC - New installs detected. Updating data.
Sat Jun  7 22:01:35 UTC 2025 UTC - No new installs detected.
Mon Jun  9 22:01:45 UTC 2025 UTC - New installs detected. Updating data.
Tue Jun 10 22:01:34 UTC 2025 UTC - New installs detected. Updating data.
Wed Jun 11 22:01:36 UTC 2025 UTC - New installs detected. Updating data.
Thu Jun 12 22:01:58 UTC 2025 UTC - New installs detected. Updating data.
Fri Jun 13 22:01:37 UTC 2025 UTC - New installs detected. Updating data.
Sat Jun 14 22:01:33 UTC 2025 UTC - New installs detected. Updating data.
Sun Jun 15 22:01:33 UTC 2025 UTC - New installs detected. Updating data.
Tue Jun 17 22:01:45 UTC 2025 UTC - New installs detected. Updating data.
Wed Jun 18 22:01:45 UTC 2025 UTC - New installs detected. Updating data.
Fri Jun 20 22:01:50 UTC 2025 UTC - New installs detected. Updating data.
Sat Jun 21 22:01:39 UTC 2025 UTC - New installs detected. Updating data.
Sun Jun 22 22:01:36 UTC 2025 UTC - New installs detected. Updating data.
Mon Jun 23 22:01:40 UTC 2025 UTC - New installs detected. Updating data.
Tue Jun 24 22:01:46 UTC 2025 UTC - New installs detected. Updating data.
Thu Jun 26 22:01:45 UTC 2025 UTC - New installs detected. Updating data.
Fri Jun 27 22:01:40 UTC 2025 UTC - New installs detected. Updating data.
Sat Jun 28 22:01:37 UTC 2025 UTC - New installs detected. Updating data.
Sun Jun 29 22:01:37 UTC 2025 UTC - No new installs detected.
Tue Jul  1 15:38:04 UTC 2025 UTC - New installs detected. Updating data.
Tue Jul  1 22:01:40 UTC 2025 UTC - No new installs detected.
Wed Jul  2 22:01:44 UTC 2025 UTC - New installs detected. Updating data.
Thu Jul  3 21:27:58 UTC 2025 UTC - New installs detected. Updating data.
Fri Jul  4 21:27:44 UTC 2025 UTC - New installs detected. Updating data.
Sat Jul  5 21:27:41 UTC 2025 UTC - New installs detected. Updating data.
Sun Jul  6 21:27:27 UTC 2025 UTC - New installs detected. Updating data.
Mon Jul  7 21:27:51 UTC 2025 UTC - New installs detected. Updating data.
Tue Jul  8 21:28:29 UTC 2025 UTC - New installs detected. Updating data.
Wed Jul  9 21:28:29 UTC 2025 UTC - New installs detected. Updating data.
Thu Jul 10 21:28:56 UTC 2025 UTC - New installs detected. Updating data.
Fri Jul 11 21:28:27 UTC 2025 UTC - New installs detected. Updating data.
Sat Jul 12 21:27:42 UTC 2025 UTC - New installs detected. Updating data.
Sun Jul 13 21:27:44 UTC 2025 UTC - New installs detected. Updating data.
Mon Jul 14 21:29:01 UTC 2025 UTC - New installs detected. Updating data.
Tue Jul 15 21:28:56 UTC 2025 UTC - New installs detected. Updating data.
Wed Jul 16 21:29:12 UTC 2025 UTC - New installs detected. Updating data.
Thu Jul 17 21:29:01 UTC 2025 UTC - New installs detected. Updating data.
Fri Jul 18 21:28:58 UTC 2025 UTC - New installs detected. Updating data.
Sat Jul 19 21:28:17 UTC 2025 UTC - New installs detected. Updating data.
Sun Jul 20 21:28:15 UTC 2025 UTC - New installs detected. Updating data.
Mon Jul 21 21:29:12 UTC 2025 UTC - New installs detected. Updating data.
Tue Jul 22 21:29:29 UTC 2025 UTC - New installs detected. Updating data.
Wed Jul 23 21:29:52 UTC 2025 UTC - New installs detected. Updating data.
Thu Jul 24 21:29:20 UTC 2025 UTC - New installs detected. Updating data.
Fri Jul 25 21:29:12 UTC 2025 UTC - New installs detected. Updating data.
Sat Jul 26 21:28:08 UTC 2025 UTC - New installs detected. Updating data.
Sun Jul 27 21:28:27 UTC 2025 UTC - New installs detected. Updating data.
Mon Jul 28 21:28:54 UTC 2025 UTC - New installs detected. Updating data.
Tue Jul 29 21:29:53 UTC 2025 UTC - New installs detected. Updating data.
Wed Jul 30 21:29:29 UTC 2025 UTC - New installs detected. Updating data.
Thu Jul 31 21:29:49 UTC 2025 UTC - New installs detected. Updating data.
Fri Aug  1 21:29:23 UTC 2025 UTC - New installs detected. Updating data.
Sat Aug  2 21:28:23 UTC 2025 UTC - New installs detected. Updating data.
Sun Aug  3 21:28:53 UTC 2025 UTC - New installs detected. Updating data.
Mon Aug  4 21:30:03 UTC 2025 UTC - New installs detected. Updating data.
Tue Aug  5 21:30:01 UTC 2025 UTC - New installs detected. Updating data.
Wed Aug  6 21:28:37 UTC 2025 UTC - New installs detected. Updating data.
Thu Aug  7 21:28:59 UTC 2025 UTC - New installs detected. Updating data.
Fri Aug  8 21:28:17 UTC 2025 UTC - New installs detected. Updating data.
Sat Aug  9 21:27:55 UTC 2025 UTC - New installs detected. Updating data.
Sun Aug 10 21:27:52 UTC 2025 UTC - No new installs detected.
Mon Aug 11 21:27:48 UTC 2025 UTC - New installs detected. Updating data.
Tue Aug 12 21:28:22 UTC 2025 UTC - New installs detected. Updating data.
Wed Aug 13 21:28:14 UTC 2025 UTC - New installs detected. Updating data.
Thu Aug 14 21:28:21 UTC 2025 UTC - New installs detected. Updating data.
Fri Aug 15 21:27:02 UTC 2025 UTC - New installs detected. Updating data.
Sat Aug 16 21:27:12 UTC 2025 UTC - New installs detected. Updating data.
Sun Aug 17 21:27:43 UTC 2025 UTC - New installs detected. Updating data.
Mon Aug 18 21:27:20 UTC 2025 UTC - New installs detected. Updating data.
Tue Aug 19 21:27:36 UTC 2025 UTC - New installs detected. Updating data.
Wed Aug 20 21:27:36 UTC 2025 UTC - New installs detected. Updating data.
Thu Aug 21 21:27:22 UTC 2025 UTC - New installs detected. Updating data.
Fri Aug 22 21:27:06 UTC 2025 UTC - New installs detected. Updating data.
Sat Aug 23 21:26:39 UTC 2025 UTC - New installs detected. Updating data.
Sun Aug 24 21:26:47 UTC 2025 UTC - New installs detected. Updating data.
Mon Aug 25 21:27:51 UTC 2025 UTC - New installs detected. Updating data.
Tue Aug 26 21:26:40 UTC 2025 UTC - New installs detected. Updating data.
Wed Aug 27 21:26:52 UTC 2025 UTC - New installs detected. Updating data.
Thu Aug 28 21:26:44 UTC 2025 UTC - New installs detected. Updating data.
Fri Aug 29 21:26:20 UTC 2025 UTC - New installs detected. Updating data.
Sat Aug 30 21:25:42 UTC 2025 UTC - New installs detected. Updating data.
Sun Aug 31 21:26:11 UTC 2025 UTC - New installs detected. Updating data.
Mon Sep  1 21:26:12 UTC 2025 UTC - New installs detected. Updating data.
Tue Sep  2 21:26:09 UTC 2025 UTC - New installs detected. Updating data.
Wed Sep  3 21:26:14 UTC 2025 UTC - New installs detected. Updating data.
Thu Sep  4 21:26:30 UTC 2025 UTC - New installs detected. Updating data.
Fri Sep  5 21:26:04 UTC 2025 UTC - New installs detected. Updating data.
Sat Sep  6 21:25:32 UTC 2025 UTC - New installs detected. Updating data.
Sun Sep  7 21:26:06 UTC 2025 UTC - New installs detected. Updating data.
Mon Sep  8 21:26:41 UTC 2025 UTC - New installs detected. Updating data.
Tue Sep  9 21:26:32 UTC 2025 UTC - New installs detected. Updating data.
Wed Sep 10 21:26:23 UTC 2025 UTC - New installs detected. Updating data.
Thu Sep 11 21:26:16 UTC 2025 UTC - New installs detected. Updating data.
Fri Sep 12 21:25:51 UTC 2025 UTC - New installs detected. Updating data.
Sat Sep 13 21:25:11 UTC 2025 UTC - New installs detected. Updating data.
Sun Sep 14 21:25:21 UTC 2025 UTC - New installs detected. Updating data.
Mon Sep 15 21:26:46 UTC 2025 UTC - New installs detected. Updating data.
Tue Sep 16 21:26:45 UTC 2025 UTC - New installs detected. Updating data.
Wed Sep 17 21:25:21 UTC 2025 UTC - New installs detected. Updating data.
Thu Sep 18 21:26:57 UTC 2025 UTC - New installs detected. Updating data.
Fri Sep 19 21:25:51 UTC 2025 UTC - New installs detected. Updating data.
Sat Sep 20 21:25:26 UTC 2025 UTC - New installs detected. Updating data.
Sun Sep 21 21:25:46 UTC 2025 UTC - New installs detected. Updating data.
Mon Sep 22 21:26:02 UTC 2025 UTC - New installs detected. Updating data.
Tue Sep 23 21:26:46 UTC 2025 UTC - New installs detected. Updating data.
Wed Sep 24 21:26:25 UTC 2025 UTC - New installs detected. Updating data.
Thu Sep 25 21:25:24 UTC 2025 UTC - New installs detected. Updating data.
Fri Sep 26 21:25:45 UTC 2025 UTC - New installs detected. Updating data.
Sat Sep 27 21:25:37 UTC 2025 UTC - New installs detected. Updating data.
Sun Sep 28 21:25:32 UTC 2025 UTC - New installs detected. Updating data.
Mon Sep 29 21:26:11 UTC 2025 UTC - New installs detected. Updating data.
Tue Sep 30 21:26:46 UTC 2025 UTC - New installs detected. Updating data.
Wed Oct  1 21:26:51 UTC 2025 UTC - New installs detected. Updating data.
Thu Oct  2 21:26:04 UTC 2025 UTC - New installs detected. Updating data.
Fri Oct  3 21:25:38 UTC 2025 UTC - New installs detected. Updating data.
Sat Oct  4 21:25:32 UTC 2025 UTC - New installs detected. Updating data.
Sun Oct  5 21:25:43 UTC 2025 UTC - New installs detected. Updating data.
Mon Oct  6 21:26:12 UTC 2025 UTC - New installs detected. Updating data.
Tue Oct  7 21:26:26 UTC 2025 UTC - New installs detected. Updating data.
Wed Oct  8 21:26:39 UTC 2025 UTC - New installs detected. Updating data.
Thu Oct  9 21:26:43 UTC 2025 UTC - New installs detected. Updating data.
Fri Oct 10 21:25:59 UTC 2025 UTC - New installs detected. Updating data.
Sat Oct 11 21:25:24 UTC 2025 UTC - New installs detected. Updating data.
Sun Oct 12 21:25:42 UTC 2025 UTC - New installs detected. Updating data.
Mon Oct 13 21:25:43 UTC 2025 UTC - New installs detected. Updating data.
Tue Oct 14 21:26:28 UTC 2025 UTC - New installs detected. Updating data.
Wed Oct 15 21:26:38 UTC 2025 UTC - New installs detected. Updating data.
Thu Oct 16 21:25:35 UTC 2025 UTC - New installs detected. Updating data.
Fri Oct 17 21:26:45 UTC 2025 UTC - New installs detected. Updating data.
Sat Oct 18 21:26:02 UTC 2025 UTC - New installs detected. Updating data.
Sun Oct 19 21:26:01 UTC 2025 UTC - New installs detected. Updating data.
Mon Oct 20 21:27:30 UTC 2025 UTC - New installs detected. Updating data.
Tue Oct 21 21:27:30 UTC 2025 UTC - New installs detected. Updating data.
Wed Oct 22 21:25:33 UTC 2025 UTC - New installs detected. Updating data.
Thu Oct 23 21:25:26 UTC 2025 UTC - New installs detected. Updating data.
Fri Oct 24 21:26:40 UTC 2025 UTC - New installs detected. Updating data.
Sat Oct 25 21:26:10 UTC 2025 UTC - New installs detected. Updating data.
Sun Oct 26 21:26:37 UTC 2025 UTC - New installs detected. Updating data.
Mon Oct 27 21:26:49 UTC 2025 UTC - New installs detected. Updating data.
Tue Oct 28 21:27:48 UTC 2025 UTC - New installs detected. Updating data.
Wed Oct 29 21:27:33 UTC 2025 UTC - New installs detected. Updating data.
Thu Oct 30 21:27:23 UTC 2025 UTC - New installs detected. Updating data.
Fri Oct 31 21:25:40 UTC 2025 UTC - New installs detected. Updating data.
Sat Nov  1 21:26:03 UTC 2025 UTC - New installs detected. Updating data.
Sun Nov  2 21:26:16 UTC 2025 UTC - New installs detected. Updating data.
Mon Nov  3 21:27:33 UTC 2025 UTC - New installs detected. Updating data.
Tue Nov  4 21:27:45 UTC 2025 UTC - New installs detected. Updating data.
Wed Nov  5 21:27:57 UTC 2025 UTC - New installs detected. Updating data.
Thu Nov  6 21:27:17 UTC 2025 UTC - New installs detected. Updating data.
Fri Nov  7 21:26:07 UTC 2025 UTC - New installs detected. Updating data.
Sat Nov  8 21:26:23 UTC 2025 UTC - New installs detected. Updating data.
Sun Nov  9 21:26:30 UTC 2025 UTC - New installs detected. Updating data.
Mon Nov 10 21:27:51 UTC 2025 UTC - New installs detected. Updating data.
Tue Nov 11 21:27:46 UTC 2025 UTC - New installs detected. Updating data.
Wed Nov 12 21:28:20 UTC 2025 UTC - New installs detected. Updating data.
Thu Nov 13 21:27:29 UTC 2025 UTC - New installs detected. Updating data.
Fri Nov 14 21:27:40 UTC 2025 UTC - New installs detected. Updating data.
